samples_m,val_acc,val_acc_nonforced
1.02,59.98,46.13
2.05,68.05,56.99
3.07,71.10,61.09
4.10,73.03,63.70
5.12,74.33,65.44
6.14,75.15,66.55
7.17,75.94,67.60
8.19,76.26,68.04
9.22,76.67,68.60
10.24,76.64,68.56
11.26,77.03,69.08
12.29,77.11,69.18
13.31,77.42,69.61
14.34,77.57,69.81
15.36,77.55,69.77
16.38,77.52,69.73
17.41,77.67,69.94
18.43,77.68,69.95
19.46,77.89,70.24
20.48,78.04,70.43
21.50,78.03,70.42
22.53,78.05,70.45
23.55,78.21,70.66
24.58,78.23,70.69
25.60,78.23,70.69
26.62,78.34,70.84
27.65,78.45,70.99
28.67,78.20,70.65
29.70,78.53,71.10
30.72,78.53,71.10
31.74,78.55,71.12
32.77,78.76,71.40
33.79,78.69,71.32
34.82,78.74,71.37
35.84,78.60,71.19
36.86,78.72,71.36
37.89,78.71,71.34
38.91,78.68,71.30
39.94,78.86,71.54
40.96,79.01,71.74
41.98,78.75,71.39
43.01,78.64,71.24
44.03,78.88,71.57
45.06,78.82,71.48
46.08,78.95,71.66
47.10,79.01,71.75
48.13,78.96,71.67
49.15,79.08,71.83
50.18,79.15,71.93
51.20,79.12,71.89
52.22,79.13,71.90
53.25,79.11,71.88
54.27,79.21,72.01
55.30,79.13,71.90
56.32,79.21,72.01
57.34,79.17,71.96
58.37,79.28,72.10
59.39,79.32,72.17
60.42,79.19,71.99
61.44,79.23,72.04
62.46,79.32,72.15
63.49,79.42,72.30
64.51,79.48,72.38
65.54,79.33,72.17
66.56,79.43,72.31
67.58,79.56,72.48
68.61,79.62,72.57
69.63,79.61,72.55
70.66,79.49,72.39
71.68,79.54,72.46
72.70,79.54,72.46
73.73,79.54,72.45
74.75,79.51,72.42
75.78,79.53,72.44
76.80,79.54,72.46
77.82,79.56,72.48
78.85,79.56,72.48
79.87,79.60,72.54
80.90,79.73,72.71
81.92,79.68,72.64
82.94,79.59,72.52
83.97,79.66,72.62
84.99,79.71,72.68
86.02,79.84,72.86
87.04,79.71,72.68
88.06,79.81,72.81
89.09,79.75,72.73
90.11,79.76,72.75
91.14,79.78,72.78
92.16,79.83,72.85
93.18,79.90,72.94
94.21,79.93,72.99
95.23,79.89,72.93
96.26,79.82,72.83
97.28,79.89,72.93
98.30,79.90,72.95
99.33,79.84,72.86
100.35,79.84,72.87
101.38,79.86,72.89
102.40,79.94,73.00
103.42,79.94,73.00
104.45,79.87,72.90
105.47,79.90,72.94
106.50,79.93,72.98
107.52,79.91,72.95
108.54,79.88,72.91
109.57,79.87,72.90
110.59,79.91,72.95
111.62,79.96,73.02
112.64,79.96,73.02
113.66,79.93,72.98
114.69,79.92,72.97
115.71,79.90,72.95
116.74,79.91,72.95
117.76,79.89,72.93
118.78,79.91,72.95
119.81,79.91,72.96
120.83,79.91,72.96
121.86,79.92,72.97
122.88,79.92,72.97
